filepath,cluster
/content/drive/MyDrive/MASTER BIG DATA/md2_2025/ej4_clustering_flores/data/flores/Image_1.jpg,4
/content/drive/MyDrive/MASTER BIG DATA/md2_2025/ej4_clustering_flores/data/flores/Image_10.jpg,1
/content/drive/MyDrive/MASTER BIG DATA/md2_2025/ej4_clustering_flores/data/flores/Image_100.jpg,2
/content/drive/MyDrive/MASTER BIG DATA/md2_2025/ej4_clustering_flores/data/flores/Image_101.jpg,0
/content/drive/MyDrive/MASTER BIG DATA/md2_2025/ej4_clustering_flores/data/flores/Image_102.jpg,4
/content/drive/MyDrive/MASTER BIG DATA/md2_2025/ej4_clustering_flores/data/flores/Image_103.jpg,2
/content/drive/MyDrive/MASTER BIG DATA/md2_2025/ej4_clustering_flores/data/flores/Image_104.jpg,2
/content/drive/MyDrive/MASTER BIG DATA/md2_2025/ej4_clustering_flores/data/flores/Image_105.jpg,0
/content/drive/MyDrive/MASTER BIG DATA/md2_2025/ej4_clustering_flores/data/flores/Image_106.jpg,3
/content/drive/MyDrive/MASTER BIG DATA/md2_2025/ej4_clustering_flores/data/flores/Image_107.jpg,0
/content/drive/MyDrive/MASTER BIG DATA/md2_2025/ej4_clustering_flores/data/flores/Image_108.jpg,4
/content/drive/MyDrive/MASTER BIG DATA/md2_2025/ej4_clustering_flores/data/flores/Image_109.jpg,4
/content/drive/MyDrive/MASTER BIG DATA/md2_2025/ej4_clustering_flores/data/flores/Image_11.jpg,0
/content/drive/MyDrive/MASTER BIG DATA/md2_2025/ej4_clustering_flores/data/flores/Image_110.jpg,2
/content/drive/MyDrive/MASTER BIG DATA/md2_2025/ej4_clustering_flores/data/flores/Image_111.jpg,4
/content/drive/MyDrive/MASTER BIG DATA/md2_2025/ej4_clustering_flores/data/flores/Image_112.jpg,4
/content/drive/MyDrive/MASTER BIG DATA/md2_2025/ej4_clustering_flores/data/flores/Image_113.jpg,4
/content/drive/MyDrive/MASTER BIG DATA/md2_2025/ej4_clustering_flores/data/flores/Image_114.jpg,1
/content/drive/MyDrive/MASTER BIG DATA/md2_2025/ej4_clustering_flores/data/flores/Image_115.jpg,1
/content/drive/MyDrive/MASTER BIG DATA/md2_2025/ej4_clustering_flores/data/flores/Image_116.jpg,0
/content/drive/MyDrive/MASTER BIG DATA/md2_2025/ej4_clustering_flores/data/flores/Image_117.jpg,2
/content/drive/MyDrive/MASTER BIG DATA/md2_2025/ej4_clustering_flores/data/flores/Image_118.jpg,2
/content/drive/MyDrive/MASTER BIG DATA/md2_2025/ej4_clustering_flores/data/flores/Image_119.jpg,2
/content/drive/MyDrive/MASTER BIG DATA/md2_2025/ej4_clustering_flores/data/flores/Image_12.jpg,2
/content/drive/MyDrive/MASTER BIG DATA/md2_2025/ej4_clustering_flores/data/flores/Image_120.jpg,4
/content/drive/MyDrive/MASTER BIG DATA/md2_2025/ej4_clustering_flores/data/flores/Image_121.jpg,1
/content/drive/MyDrive/MASTER BIG DATA/md2_2025/ej4_clustering_flores/data/flores/Image_122.jpg,3
/content/drive/MyDrive/MASTER BIG DATA/md2_2025/ej4_clustering_flores/data/flores/Image_123.jpg,0
/content/drive/MyDrive/MASTER BIG DATA/md2_2025/ej4_clustering_flores/data/flores/Image_124.jpg,0
/content/drive/MyDrive/MASTER BIG DATA/md2_2025/ej4_clustering_flores/data/flores/Image_125.jpg,4
/content/drive/MyDrive/MASTER BIG DATA/md2_2025/ej4_clustering_flores/data/flores/Image_126.jpg,4
/content/drive/MyDrive/MASTER BIG DATA/md2_2025/ej4_clustering_flores/data/flores/Image_127.jpg,2
/content/drive/MyDrive/MASTER BIG DATA/md2_2025/ej4_clustering_flores/data/flores/Image_128.jpg,2
/content/drive/MyDrive/MASTER BIG DATA/md2_2025/ej4_clustering_flores/data/flores/Image_129.jpg,4
/content/drive/MyDrive/MASTER BIG DATA/md2_2025/ej4_clustering_flores/data/flores/Image_13.jpg,3
/content/drive/MyDrive/MASTER BIG DATA/md2_2025/ej4_clustering_flores/data/flores/Image_130.jpg,4
/content/drive/MyDrive/MASTER BIG DATA/md2_2025/ej4_clustering_flores/data/flores/Image_131.jpg,1
/content/drive/MyDrive/MASTER BIG DATA/md2_2025/ej4_clustering_flores/data/flores/Image_132.jpg,0
/content/drive/MyDrive/MASTER BIG DATA/md2_2025/ej4_clustering_flores/data/flores/Image_133.jpg,4
/content/drive/MyDrive/MASTER BIG DATA/md2_2025/ej4_clustering_flores/data/flores/Image_134.jpg,2
/content/drive/MyDrive/MASTER BIG DATA/md2_2025/ej4_clustering_flores/data/flores/Image_135.jpg,2
/content/drive/MyDrive/MASTER BIG DATA/md2_2025/ej4_clustering_flores/data/flores/Image_136.jpg,1
/content/drive/MyDrive/MASTER BIG DATA/md2_2025/ej4_clustering_flores/data/flores/Image_137.jpg,4
/content/drive/MyDrive/MASTER BIG DATA/md2_2025/ej4_clustering_flores/data/flores/Image_138.jpg,2
/content/drive/MyDrive/MASTER BIG DATA/md2_2025/ej4_clustering_flores/data/flores/Image_139.jpg,2
/content/drive/MyDrive/MASTER BIG DATA/md2_2025/ej4_clustering_flores/data/flores/Image_14.jpg,2
/content/drive/MyDrive/MASTER BIG DATA/md2_2025/ej4_clustering_flores/data/flores/Image_140.jpg,1
/content/drive/MyDrive/MASTER BIG DATA/md2_2025/ej4_clustering_flores/data/flores/Image_141.jpg,2
/content/drive/MyDrive/MASTER BIG DATA/md2_2025/ej4_clustering_flores/data/flores/Image_142.jpg,1
/content/drive/MyDrive/MASTER BIG DATA/md2_2025/ej4_clustering_flores/data/flores/Image_143.jpg,4
/content/drive/MyDrive/MASTER BIG DATA/md2_2025/ej4_clustering_flores/data/flores/Image_144.jpg,0
/content/drive/MyDrive/MASTER BIG DATA/md2_2025/ej4_clustering_flores/data/flores/Image_145.jpg,4
/content/drive/MyDrive/MASTER BIG DATA/md2_2025/ej4_clustering_flores/data/flores/Image_146.jpg,4
/content/drive/MyDrive/MASTER BIG DATA/md2_2025/ej4_clustering_flores/data/flores/Image_147.jpg,4
/content/drive/MyDrive/MASTER BIG DATA/md2_2025/ej4_clustering_flores/data/flores/Image_148.jpg,2
/content/drive/MyDrive/MASTER BIG DATA/md2_2025/ej4_clustering_flores/data/flores/Image_149.jpg,3
/content/drive/MyDrive/MASTER BIG DATA/md2_2025/ej4_clustering_flores/data/flores/Image_15.jpg,0
/content/drive/MyDrive/MASTER BIG DATA/md2_2025/ej4_clustering_flores/data/flores/Image_150.jpg,2
/content/drive/MyDrive/MASTER BIG DATA/md2_2025/ej4_clustering_flores/data/flores/Image_151.jpg,0
/content/drive/MyDrive/MASTER BIG DATA/md2_2025/ej4_clustering_flores/data/flores/Image_152.jpg,3
/content/drive/MyDrive/MASTER BIG DATA/md2_2025/ej4_clustering_flores/data/flores/Image_153.jpg,2
/content/drive/MyDrive/MASTER BIG DATA/md2_2025/ej4_clustering_flores/data/flores/Image_154.jpg,1
/content/drive/MyDrive/MASTER BIG DATA/md2_2025/ej4_clustering_flores/data/flores/Image_155.jpg,2
/content/drive/MyDrive/MASTER BIG DATA/md2_2025/ej4_clustering_flores/data/flores/Image_156.jpg,4
/content/drive/MyDrive/MASTER BIG DATA/md2_2025/ej4_clustering_flores/data/flores/Image_157.jpg,2
/content/drive/MyDrive/MASTER BIG DATA/md2_2025/ej4_clustering_flores/data/flores/Image_158.jpg,1
/content/drive/MyDrive/MASTER BIG DATA/md2_2025/ej4_clustering_flores/data/flores/Image_159.jpg,1
/content/drive/MyDrive/MASTER BIG DATA/md2_2025/ej4_clustering_flores/data/flores/Image_16.jpg,1
/content/drive/MyDrive/MASTER BIG DATA/md2_2025/ej4_clustering_flores/data/flores/Image_160.jpg,0
/content/drive/MyDrive/MASTER BIG DATA/md2_2025/ej4_clustering_flores/data/flores/Image_161.jpg,0
/content/drive/MyDrive/MASTER BIG DATA/md2_2025/ej4_clustering_flores/data/flores/Image_162.jpg,2
/content/drive/MyDrive/MASTER BIG DATA/md2_2025/ej4_clustering_flores/data/flores/Image_163.jpg,1
/content/drive/MyDrive/MASTER BIG DATA/md2_2025/ej4_clustering_flores/data/flores/Image_164.jpg,1
/content/drive/MyDrive/MASTER BIG DATA/md2_2025/ej4_clustering_flores/data/flores/Image_165.jpg,3
/content/drive/MyDrive/MASTER BIG DATA/md2_2025/ej4_clustering_flores/data/flores/Image_166.jpg,4
/content/drive/MyDrive/MASTER BIG DATA/md2_2025/ej4_clustering_flores/data/flores/Image_167.jpg,4
/content/drive/MyDrive/MASTER BIG DATA/md2_2025/ej4_clustering_flores/data/flores/Image_168.jpg,2
/content/drive/MyDrive/MASTER BIG DATA/md2_2025/ej4_clustering_flores/data/flores/Image_169.jpg,4
/content/drive/MyDrive/MASTER BIG DATA/md2_2025/ej4_clustering_flores/data/flores/Image_17.jpg,2
/content/drive/MyDrive/MASTER BIG DATA/md2_2025/ej4_clustering_flores/data/flores/Image_170.jpg,1
/content/drive/MyDrive/MASTER BIG DATA/md2_2025/ej4_clustering_flores/data/flores/Image_171.jpg,0
/content/drive/MyDrive/MASTER BIG DATA/md2_2025/ej4_clustering_flores/data/flores/Image_172.jpg,4
/content/drive/MyDrive/MASTER BIG DATA/md2_2025/ej4_clustering_flores/data/flores/Image_173.jpg,0
/content/drive/MyDrive/MASTER BIG DATA/md2_2025/ej4_clustering_flores/data/flores/Image_174.jpg,0
/content/drive/MyDrive/MASTER BIG DATA/md2_2025/ej4_clustering_flores/data/flores/Image_175.jpg,0
/content/drive/MyDrive/MASTER BIG DATA/md2_2025/ej4_clustering_flores/data/flores/Image_176.jpg,4
/content/drive/MyDrive/MASTER BIG DATA/md2_2025/ej4_clustering_flores/data/flores/Image_177.jpg,1
/content/drive/MyDrive/MASTER BIG DATA/md2_2025/ej4_clustering_flores/data/flores/Image_178.jpg,0
/content/drive/MyDrive/MASTER BIG DATA/md2_2025/ej4_clustering_flores/data/flores/Image_179.jpg,4
/content/drive/MyDrive/MASTER BIG DATA/md2_2025/ej4_clustering_flores/data/flores/Image_18.jpg,2
/content/drive/MyDrive/MASTER BIG DATA/md2_2025/ej4_clustering_flores/data/flores/Image_180.jpg,4
/content/drive/MyDrive/MASTER BIG DATA/md2_2025/ej4_clustering_flores/data/flores/Image_181.jpg,0
/content/drive/MyDrive/MASTER BIG DATA/md2_2025/ej4_clustering_flores/data/flores/Image_182.jpg,2
/content/drive/MyDrive/MASTER BIG DATA/md2_2025/ej4_clustering_flores/data/flores/Image_183.jpg,1
/content/drive/MyDrive/MASTER BIG DATA/md2_2025/ej4_clustering_flores/data/flores/Image_184.jpg,4
/content/drive/MyDrive/MASTER BIG DATA/md2_2025/ej4_clustering_flores/data/flores/Image_185.jpg,2
/content/drive/MyDrive/MASTER BIG DATA/md2_2025/ej4_clustering_flores/data/flores/Image_186.jpg,4
/content/drive/MyDrive/MASTER BIG DATA/md2_2025/ej4_clustering_flores/data/flores/Image_187.jpg,0
/content/drive/MyDrive/MASTER BIG DATA/md2_2025/ej4_clustering_flores/data/flores/Image_188.jpg,4
/content/drive/MyDrive/MASTER BIG DATA/md2_2025/ej4_clustering_flores/data/flores/Image_189.jpg,4
/content/drive/MyDrive/MASTER BIG DATA/md2_2025/ej4_clustering_flores/data/flores/Image_19.jpg,1
/content/drive/MyDrive/MASTER BIG DATA/md2_2025/ej4_clustering_flores/data/flores/Image_190.jpg,3
/content/drive/MyDrive/MASTER BIG DATA/md2_2025/ej4_clustering_flores/data/flores/Image_191.jpg,1
/content/drive/MyDrive/MASTER BIG DATA/md2_2025/ej4_clustering_flores/data/flores/Image_192.jpg,4
/content/drive/MyDrive/MASTER BIG DATA/md2_2025/ej4_clustering_flores/data/flores/Image_193.jpg,1
/content/drive/MyDrive/MASTER BIG DATA/md2_2025/ej4_clustering_flores/data/flores/Image_194.jpg,1
/content/drive/MyDrive/MASTER BIG DATA/md2_2025/ej4_clustering_flores/data/flores/Image_195.jpg,3
/content/drive/MyDrive/MASTER BIG DATA/md2_2025/ej4_clustering_flores/data/flores/Image_196.jpg,0
/content/drive/MyDrive/MASTER BIG DATA/md2_2025/ej4_clustering_flores/data/flores/Image_197.jpg,4
/content/drive/MyDrive/MASTER BIG DATA/md2_2025/ej4_clustering_flores/data/flores/Image_198.jpg,1
/content/drive/MyDrive/MASTER BIG DATA/md2_2025/ej4_clustering_flores/data/flores/Image_199.jpg,2
/content/drive/MyDrive/MASTER BIG DATA/md2_2025/ej4_clustering_flores/data/flores/Image_2.jpg,4
/content/drive/MyDrive/MASTER BIG DATA/md2_2025/ej4_clustering_flores/data/flores/Image_20.jpg,1
/content/drive/MyDrive/MASTER BIG DATA/md2_2025/ej4_clustering_flores/data/flores/Image_200.jpg,4
/content/drive/MyDrive/MASTER BIG DATA/md2_2025/ej4_clustering_flores/data/flores/Image_201.jpg,4
/content/drive/MyDrive/MASTER BIG DATA/md2_2025/ej4_clustering_flores/data/flores/Image_202.jpg,2
/content/drive/MyDrive/MASTER BIG DATA/md2_2025/ej4_clustering_flores/data/flores/Image_203.jpg,2
/content/drive/MyDrive/MASTER BIG DATA/md2_2025/ej4_clustering_flores/data/flores/Image_204.jpg,4
/content/drive/MyDrive/MASTER BIG DATA/md2_2025/ej4_clustering_flores/data/flores/Image_205.jpg,1
/content/drive/MyDrive/MASTER BIG DATA/md2_2025/ej4_clustering_flores/data/flores/Image_206.jpg,2
/content/drive/MyDrive/MASTER BIG DATA/md2_2025/ej4_clustering_flores/data/flores/Image_207.jpg,3
/content/drive/MyDrive/MASTER BIG DATA/md2_2025/ej4_clustering_flores/data/flores/Image_208.jpg,2
/content/drive/MyDrive/MASTER BIG DATA/md2_2025/ej4_clustering_flores/data/flores/Image_209.jpg,2
/content/drive/MyDrive/MASTER BIG DATA/md2_2025/ej4_clustering_flores/data/flores/Image_21.jpg,1
/content/drive/MyDrive/MASTER BIG DATA/md2_2025/ej4_clustering_flores/data/flores/Image_210.jpg,0
/content/drive/MyDrive/MASTER BIG DATA/md2_2025/ej4_clustering_flores/data/flores/Image_211.jpg,3
/content/drive/MyDrive/MASTER BIG DATA/md2_2025/ej4_clustering_flores/data/flores/Image_212.jpg,4
/content/drive/MyDrive/MASTER BIG DATA/md2_2025/ej4_clustering_flores/data/flores/Image_213.jpg,2
/content/drive/MyDrive/MASTER BIG DATA/md2_2025/ej4_clustering_flores/data/flores/Image_214.jpg,2
/content/drive/MyDrive/MASTER BIG DATA/md2_2025/ej4_clustering_flores/data/flores/Image_215.jpg,0
/content/drive/MyDrive/MASTER BIG DATA/md2_2025/ej4_clustering_flores/data/flores/Image_216.jpg,1
/content/drive/MyDrive/MASTER BIG DATA/md2_2025/ej4_clustering_flores/data/flores/Image_217.jpg,0
/content/drive/MyDrive/MASTER BIG DATA/md2_2025/ej4_clustering_flores/data/flores/Image_218.jpg,4
/content/drive/MyDrive/MASTER BIG DATA/md2_2025/ej4_clustering_flores/data/flores/Image_219.jpg,2
/content/drive/MyDrive/MASTER BIG DATA/md2_2025/ej4_clustering_flores/data/flores/Image_22.jpg,2
/content/drive/MyDrive/MASTER BIG DATA/md2_2025/ej4_clustering_flores/data/flores/Image_220.jpg,2
/content/drive/MyDrive/MASTER BIG DATA/md2_2025/ej4_clustering_flores/data/flores/Image_221.jpg,4
/content/drive/MyDrive/MASTER BIG DATA/md2_2025/ej4_clustering_flores/data/flores/Image_222.jpg,2
/content/drive/MyDrive/MASTER BIG DATA/md2_2025/ej4_clustering_flores/data/flores/Image_223.jpg,0
/content/drive/MyDrive/MASTER BIG DATA/md2_2025/ej4_clustering_flores/data/flores/Image_224.jpg,3
/content/drive/MyDrive/MASTER BIG DATA/md2_2025/ej4_clustering_flores/data/flores/Image_225.jpg,1
/content/drive/MyDrive/MASTER BIG DATA/md2_2025/ej4_clustering_flores/data/flores/Image_226.jpg,2
/content/drive/MyDrive/MASTER BIG DATA/md2_2025/ej4_clustering_flores/data/flores/Image_227.jpg,1
/content/drive/MyDrive/MASTER BIG DATA/md2_2025/ej4_clustering_flores/data/flores/Image_228.jpg,4
/content/drive/MyDrive/MASTER BIG DATA/md2_2025/ej4_clustering_flores/data/flores/Image_229.jpg,0
/content/drive/MyDrive/MASTER BIG DATA/md2_2025/ej4_clustering_flores/data/flores/Image_23.jpg,4
/content/drive/MyDrive/MASTER BIG DATA/md2_2025/ej4_clustering_flores/data/flores/Image_230.jpg,0
/content/drive/MyDrive/MASTER BIG DATA/md2_2025/ej4_clustering_flores/data/flores/Image_231.jpg,0
/content/drive/MyDrive/MASTER BIG DATA/md2_2025/ej4_clustering_flores/data/flores/Image_232.jpg,1
/content/drive/MyDrive/MASTER BIG DATA/md2_2025/ej4_clustering_flores/data/flores/Image_233.jpg,2
/content/drive/MyDrive/MASTER BIG DATA/md2_2025/ej4_clustering_flores/data/flores/Image_234.jpg,4
/content/drive/MyDrive/MASTER BIG DATA/md2_2025/ej4_clustering_flores/data/flores/Image_235.jpg,2
/content/drive/MyDrive/MASTER BIG DATA/md2_2025/ej4_clustering_flores/data/flores/Image_236.jpg,4
/content/drive/MyDrive/MASTER BIG DATA/md2_2025/ej4_clustering_flores/data/flores/Image_237.jpg,4
/content/drive/MyDrive/MASTER BIG DATA/md2_2025/ej4_clustering_flores/data/flores/Image_238.jpg,4
/content/drive/MyDrive/MASTER BIG DATA/md2_2025/ej4_clustering_flores/data/flores/Image_239.jpg,4
/content/drive/MyDrive/MASTER BIG DATA/md2_2025/ej4_clustering_flores/data/flores/Image_24.jpg,3
/content/drive/MyDrive/MASTER BIG DATA/md2_2025/ej4_clustering_flores/data/flores/Image_240.jpg,2
/content/drive/MyDrive/MASTER BIG DATA/md2_2025/ej4_clustering_flores/data/flores/Image_241.jpg,4
/content/drive/MyDrive/MASTER BIG DATA/md2_2025/ej4_clustering_flores/data/flores/Image_242.jpg,2
/content/drive/MyDrive/MASTER BIG DATA/md2_2025/ej4_clustering_flores/data/flores/Image_243.jpg,2
/content/drive/MyDrive/MASTER BIG DATA/md2_2025/ej4_clustering_flores/data/flores/Image_244.jpg,2
/content/drive/MyDrive/MASTER BIG DATA/md2_2025/ej4_clustering_flores/data/flores/Image_245.jpg,0
/content/drive/MyDrive/MASTER BIG DATA/md2_2025/ej4_clustering_flores/data/flores/Image_246.jpg,1
/content/drive/MyDrive/MASTER BIG DATA/md2_2025/ej4_clustering_flores/data/flores/Image_247.jpg,3
/content/drive/MyDrive/MASTER BIG DATA/md2_2025/ej4_clustering_flores/data/flores/Image_248.jpg,4
/content/drive/MyDrive/MASTER BIG DATA/md2_2025/ej4_clustering_flores/data/flores/Image_249.jpg,4
/content/drive/MyDrive/MASTER BIG DATA/md2_2025/ej4_clustering_flores/data/flores/Image_25.jpg,0
/content/drive/MyDrive/MASTER BIG DATA/md2_2025/ej4_clustering_flores/data/flores/Image_250.jpg,0
/content/drive/MyDrive/MASTER BIG DATA/md2_2025/ej4_clustering_flores/data/flores/Image_251.jpg,1
/content/drive/MyDrive/MASTER BIG DATA/md2_2025/ej4_clustering_flores/data/flores/Image_252.jpg,0
/content/drive/MyDrive/MASTER BIG DATA/md2_2025/ej4_clustering_flores/data/flores/Image_253.jpg,2
/content/drive/MyDrive/MASTER BIG DATA/md2_2025/ej4_clustering_flores/data/flores/Image_254.jpg,2
/content/drive/MyDrive/MASTER BIG DATA/md2_2025/ej4_clustering_flores/data/flores/Image_255.jpg,1
/content/drive/MyDrive/MASTER BIG DATA/md2_2025/ej4_clustering_flores/data/flores/Image_256.jpg,4
/content/drive/MyDrive/MASTER BIG DATA/md2_2025/ej4_clustering_flores/data/flores/Image_257.jpg,4
/content/drive/MyDrive/MASTER BIG DATA/md2_2025/ej4_clustering_flores/data/flores/Image_258.jpg,0
/content/drive/MyDrive/MASTER BIG DATA/md2_2025/ej4_clustering_flores/data/flores/Image_259.jpg,3
/content/drive/MyDrive/MASTER BIG DATA/md2_2025/ej4_clustering_flores/data/flores/Image_26.jpg,1
/content/drive/MyDrive/MASTER BIG DATA/md2_2025/ej4_clustering_flores/data/flores/Image_260.jpg,4
/content/drive/MyDrive/MASTER BIG DATA/md2_2025/ej4_clustering_flores/data/flores/Image_261.jpg,0
/content/drive/MyDrive/MASTER BIG DATA/md2_2025/ej4_clustering_flores/data/flores/Image_262.jpg,4
/content/drive/MyDrive/MASTER BIG DATA/md2_2025/ej4_clustering_flores/data/flores/Image_263.jpg,1
/content/drive/MyDrive/MASTER BIG DATA/md2_2025/ej4_clustering_flores/data/flores/Image_264.jpg,0
/content/drive/MyDrive/MASTER BIG DATA/md2_2025/ej4_clustering_flores/data/flores/Image_265.jpg,0
/content/drive/MyDrive/MASTER BIG DATA/md2_2025/ej4_clustering_flores/data/flores/Image_266.jpg,3
/content/drive/MyDrive/MASTER BIG DATA/md2_2025/ej4_clustering_flores/data/flores/Image_267.jpg,0
/content/drive/MyDrive/MASTER BIG DATA/md2_2025/ej4_clustering_flores/data/flores/Image_268.jpg,0
/content/drive/MyDrive/MASTER BIG DATA/md2_2025/ej4_clustering_flores/data/flores/Image_269.jpg,3
/content/drive/MyDrive/MASTER BIG DATA/md2_2025/ej4_clustering_flores/data/flores/Image_27.jpg,4
/content/drive/MyDrive/MASTER BIG DATA/md2_2025/ej4_clustering_flores/data/flores/Image_270.jpg,0
/content/drive/MyDrive/MASTER BIG DATA/md2_2025/ej4_clustering_flores/data/flores/Image_271.jpg,2
/content/drive/MyDrive/MASTER BIG DATA/md2_2025/ej4_clustering_flores/data/flores/Image_272.jpg,0
/content/drive/MyDrive/MASTER BIG DATA/md2_2025/ej4_clustering_flores/data/flores/Image_273.jpg,2
/content/drive/MyDrive/MASTER BIG DATA/md2_2025/ej4_clustering_flores/data/flores/Image_274.jpg,0
/content/drive/MyDrive/MASTER BIG DATA/md2_2025/ej4_clustering_flores/data/flores/Image_275.jpg,0
/content/drive/MyDrive/MASTER BIG DATA/md2_2025/ej4_clustering_flores/data/flores/Image_276.jpg,0
/content/drive/MyDrive/MASTER BIG DATA/md2_2025/ej4_clustering_flores/data/flores/Image_277.jpg,4
/content/drive/MyDrive/MASTER BIG DATA/md2_2025/ej4_clustering_flores/data/flores/Image_278.jpg,2
/content/drive/MyDrive/MASTER BIG DATA/md2_2025/ej4_clustering_flores/data/flores/Image_279.jpg,3
/content/drive/MyDrive/MASTER BIG DATA/md2_2025/ej4_clustering_flores/data/flores/Image_28.jpg,0
/content/drive/MyDrive/MASTER BIG DATA/md2_2025/ej4_clustering_flores/data/flores/Image_280.jpg,2
/content/drive/MyDrive/MASTER BIG DATA/md2_2025/ej4_clustering_flores/data/flores/Image_281.jpg,4
/content/drive/MyDrive/MASTER BIG DATA/md2_2025/ej4_clustering_flores/data/flores/Image_282.jpg,0
/content/drive/MyDrive/MASTER BIG DATA/md2_2025/ej4_clustering_flores/data/flores/Image_283.jpg,4
/content/drive/MyDrive/MASTER BIG DATA/md2_2025/ej4_clustering_flores/data/flores/Image_284.jpg,2
/content/drive/MyDrive/MASTER BIG DATA/md2_2025/ej4_clustering_flores/data/flores/Image_285.jpg,1
/content/drive/MyDrive/MASTER BIG DATA/md2_2025/ej4_clustering_flores/data/flores/Image_286.jpg,2
/content/drive/MyDrive/MASTER BIG DATA/md2_2025/ej4_clustering_flores/data/flores/Image_287.jpg,2
/content/drive/MyDrive/MASTER BIG DATA/md2_2025/ej4_clustering_flores/data/flores/Image_288.jpg,2
/content/drive/MyDrive/MASTER BIG DATA/md2_2025/ej4_clustering_flores/data/flores/Image_289.jpg,2
/content/drive/MyDrive/MASTER BIG DATA/md2_2025/ej4_clustering_flores/data/flores/Image_29.jpg,0
/content/drive/MyDrive/MASTER BIG DATA/md2_2025/ej4_clustering_flores/data/flores/Image_290.jpg,3
/content/drive/MyDrive/MASTER BIG DATA/md2_2025/ej4_clustering_flores/data/flores/Image_291.jpg,4
/content/drive/MyDrive/MASTER BIG DATA/md2_2025/ej4_clustering_flores/data/flores/Image_292.jpg,4
/content/drive/MyDrive/MASTER BIG DATA/md2_2025/ej4_clustering_flores/data/flores/Image_293.jpg,1
/content/drive/MyDrive/MASTER BIG DATA/md2_2025/ej4_clustering_flores/data/flores/Image_294.jpg,0
/content/drive/MyDrive/MASTER BIG DATA/md2_2025/ej4_clustering_flores/data/flores/Image_295.jpg,2
/content/drive/MyDrive/MASTER BIG DATA/md2_2025/ej4_clustering_flores/data/flores/Image_296.jpg,1
/content/drive/MyDrive/MASTER BIG DATA/md2_2025/ej4_clustering_flores/data/flores/Image_297.jpg,0
/content/drive/MyDrive/MASTER BIG DATA/md2_2025/ej4_clustering_flores/data/flores/Image_298.jpg,1
/content/drive/MyDrive/MASTER BIG DATA/md2_2025/ej4_clustering_flores/data/flores/Image_299.jpg,1
/content/drive/MyDrive/MASTER BIG DATA/md2_2025/ej4_clustering_flores/data/flores/Image_3.jpg,1
/content/drive/MyDrive/MASTER BIG DATA/md2_2025/ej4_clustering_flores/data/flores/Image_30.jpg,4
/content/drive/MyDrive/MASTER BIG DATA/md2_2025/ej4_clustering_flores/data/flores/Image_300.jpg,2
/content/drive/MyDrive/MASTER BIG DATA/md2_2025/ej4_clustering_flores/data/flores/Image_301.jpg,0
/content/drive/MyDrive/MASTER BIG DATA/md2_2025/ej4_clustering_flores/data/flores/Image_302.jpg,2
/content/drive/MyDrive/MASTER BIG DATA/md2_2025/ej4_clustering_flores/data/flores/Image_303.jpg,4
/content/drive/MyDrive/MASTER BIG DATA/md2_2025/ej4_clustering_flores/data/flores/Image_304.jpg,2
/content/drive/MyDrive/MASTER BIG DATA/md2_2025/ej4_clustering_flores/data/flores/Image_305.jpg,1
/content/drive/MyDrive/MASTER BIG DATA/md2_2025/ej4_clustering_flores/data/flores/Image_306.jpg,0
/content/drive/MyDrive/MASTER BIG DATA/md2_2025/ej4_clustering_flores/data/flores/Image_307.jpg,2
/content/drive/MyDrive/MASTER BIG DATA/md2_2025/ej4_clustering_flores/data/flores/Image_308.jpg,1
/content/drive/MyDrive/MASTER BIG DATA/md2_2025/ej4_clustering_flores/data/flores/Image_309.jpg,2
/content/drive/MyDrive/MASTER BIG DATA/md2_2025/ej4_clustering_flores/data/flores/Image_31.jpg,0
/content/drive/MyDrive/MASTER BIG DATA/md2_2025/ej4_clustering_flores/data/flores/Image_310.jpg,0
/content/drive/MyDrive/MASTER BIG DATA/md2_2025/ej4_clustering_flores/data/flores/Image_311.jpg,0
/content/drive/MyDrive/MASTER BIG DATA/md2_2025/ej4_clustering_flores/data/flores/Image_312.jpg,0
/content/drive/MyDrive/MASTER BIG DATA/md2_2025/ej4_clustering_flores/data/flores/Image_313.jpg,1
/content/drive/MyDrive/MASTER BIG DATA/md2_2025/ej4_clustering_flores/data/flores/Image_314.jpg,4
/content/drive/MyDrive/MASTER BIG DATA/md2_2025/ej4_clustering_flores/data/flores/Image_315.jpg,2
/content/drive/MyDrive/MASTER BIG DATA/md2_2025/ej4_clustering_flores/data/flores/Image_316.jpg,2
/content/drive/MyDrive/MASTER BIG DATA/md2_2025/ej4_clustering_flores/data/flores/Image_317.jpg,0
/content/drive/MyDrive/MASTER BIG DATA/md2_2025/ej4_clustering_flores/data/flores/Image_318.jpg,0
/content/drive/MyDrive/MASTER BIG DATA/md2_2025/ej4_clustering_flores/data/flores/Image_319.jpg,4
/content/drive/MyDrive/MASTER BIG DATA/md2_2025/ej4_clustering_flores/data/flores/Image_32.jpg,2
/content/drive/MyDrive/MASTER BIG DATA/md2_2025/ej4_clustering_flores/data/flores/Image_320.jpg,1
/content/drive/MyDrive/MASTER BIG DATA/md2_2025/ej4_clustering_flores/data/flores/Image_321.jpg,4
/content/drive/MyDrive/MASTER BIG DATA/md2_2025/ej4_clustering_flores/data/flores/Image_322.jpg,4
/content/drive/MyDrive/MASTER BIG DATA/md2_2025/ej4_clustering_flores/data/flores/Image_323.jpg,4
/content/drive/MyDrive/MASTER BIG DATA/md2_2025/ej4_clustering_flores/data/flores/Image_324.jpg,3
/content/drive/MyDrive/MASTER BIG DATA/md2_2025/ej4_clustering_flores/data/flores/Image_325.jpg,4
/content/drive/MyDrive/MASTER BIG DATA/md2_2025/ej4_clustering_flores/data/flores/Image_326.jpg,4
/content/drive/MyDrive/MASTER BIG DATA/md2_2025/ej4_clustering_flores/data/flores/Image_327.jpg,4
/content/drive/MyDrive/MASTER BIG DATA/md2_2025/ej4_clustering_flores/data/flores/Image_328.jpg,2
/content/drive/MyDrive/MASTER BIG DATA/md2_2025/ej4_clustering_flores/data/flores/Image_329.jpg,2
/content/drive/MyDrive/MASTER BIG DATA/md2_2025/ej4_clustering_flores/data/flores/Image_33.jpg,1
/content/drive/MyDrive/MASTER BIG DATA/md2_2025/ej4_clustering_flores/data/flores/Image_330.jpg,0
/content/drive/MyDrive/MASTER BIG DATA/md2_2025/ej4_clustering_flores/data/flores/Image_331.jpg,1
/content/drive/MyDrive/MASTER BIG DATA/md2_2025/ej4_clustering_flores/data/flores/Image_332.jpg,1
/content/drive/MyDrive/MASTER BIG DATA/md2_2025/ej4_clustering_flores/data/flores/Image_333.jpg,3
/content/drive/MyDrive/MASTER BIG DATA/md2_2025/ej4_clustering_flores/data/flores/Image_334.jpg,1
/content/drive/MyDrive/MASTER BIG DATA/md2_2025/ej4_clustering_flores/data/flores/Image_335.jpg,2
/content/drive/MyDrive/MASTER BIG DATA/md2_2025/ej4_clustering_flores/data/flores/Image_336.jpg,1
/content/drive/MyDrive/MASTER BIG DATA/md2_2025/ej4_clustering_flores/data/flores/Image_337.jpg,4
/content/drive/MyDrive/MASTER BIG DATA/md2_2025/ej4_clustering_flores/data/flores/Image_338.jpg,0
/content/drive/MyDrive/MASTER BIG DATA/md2_2025/ej4_clustering_flores/data/flores/Image_339.jpg,3
/content/drive/MyDrive/MASTER BIG DATA/md2_2025/ej4_clustering_flores/data/flores/Image_34.jpg,2
/content/drive/MyDrive/MASTER BIG DATA/md2_2025/ej4_clustering_flores/data/flores/Image_340.jpg,2
/content/drive/MyDrive/MASTER BIG DATA/md2_2025/ej4_clustering_flores/data/flores/Image_341.jpg,0
/content/drive/MyDrive/MASTER BIG DATA/md2_2025/ej4_clustering_flores/data/flores/Image_342.jpg,0
/content/drive/MyDrive/MASTER BIG DATA/md2_2025/ej4_clustering_flores/data/flores/Image_343.jpg,2
/content/drive/MyDrive/MASTER BIG DATA/md2_2025/ej4_clustering_flores/data/flores/Image_344.jpg,0
/content/drive/MyDrive/MASTER BIG DATA/md2_2025/ej4_clustering_flores/data/flores/Image_345.jpg,2
/content/drive/MyDrive/MASTER BIG DATA/md2_2025/ej4_clustering_flores/data/flores/Image_346.jpg,0
/content/drive/MyDrive/MASTER BIG DATA/md2_2025/ej4_clustering_flores/data/flores/Image_347.jpg,2
/content/drive/MyDrive/MASTER BIG DATA/md2_2025/ej4_clustering_flores/data/flores/Image_348.jpg,4
/content/drive/MyDrive/MASTER BIG DATA/md2_2025/ej4_clustering_flores/data/flores/Image_349.jpg,0
/content/drive/MyDrive/MASTER BIG DATA/md2_2025/ej4_clustering_flores/data/flores/Image_35.jpg,1
/content/drive/MyDrive/MASTER BIG DATA/md2_2025/ej4_clustering_flores/data/flores/Image_350.jpg,0
/content/drive/MyDrive/MASTER BIG DATA/md2_2025/ej4_clustering_flores/data/flores/Image_351.jpg,1
/content/drive/MyDrive/MASTER BIG DATA/md2_2025/ej4_clustering_flores/data/flores/Image_352.jpg,1
/content/drive/MyDrive/MASTER BIG DATA/md2_2025/ej4_clustering_flores/data/flores/Image_353.jpg,1
/content/drive/MyDrive/MASTER BIG DATA/md2_2025/ej4_clustering_flores/data/flores/Image_354.jpg,3
/content/drive/MyDrive/MASTER BIG DATA/md2_2025/ej4_clustering_flores/data/flores/Image_355.jpg,2
/content/drive/MyDrive/MASTER BIG DATA/md2_2025/ej4_clustering_flores/data/flores/Image_356.jpg,1
/content/drive/MyDrive/MASTER BIG DATA/md2_2025/ej4_clustering_flores/data/flores/Image_357.jpg,4
/content/drive/MyDrive/MASTER BIG DATA/md2_2025/ej4_clustering_flores/data/flores/Image_358.jpg,1
/content/drive/MyDrive/MASTER BIG DATA/md2_2025/ej4_clustering_flores/data/flores/Image_359.jpg,2
/content/drive/MyDrive/MASTER BIG DATA/md2_2025/ej4_clustering_flores/data/flores/Image_36.jpg,4
/content/drive/MyDrive/MASTER BIG DATA/md2_2025/ej4_clustering_flores/data/flores/Image_360.jpg,0
/content/drive/MyDrive/MASTER BIG DATA/md2_2025/ej4_clustering_flores/data/flores/Image_361.jpg,1
/content/drive/MyDrive/MASTER BIG DATA/md2_2025/ej4_clustering_flores/data/flores/Image_362.jpg,1
/content/drive/MyDrive/MASTER BIG DATA/md2_2025/ej4_clustering_flores/data/flores/Image_363.jpg,4
/content/drive/MyDrive/MASTER BIG DATA/md2_2025/ej4_clustering_flores/data/flores/Image_364.jpg,4
/content/drive/MyDrive/MASTER BIG DATA/md2_2025/ej4_clustering_flores/data/flores/Image_365.jpg,3
/content/drive/MyDrive/MASTER BIG DATA/md2_2025/ej4_clustering_flores/data/flores/Image_366.jpg,4
/content/drive/MyDrive/MASTER BIG DATA/md2_2025/ej4_clustering_flores/data/flores/Image_367.jpg,1
/content/drive/MyDrive/MASTER BIG DATA/md2_2025/ej4_clustering_flores/data/flores/Image_368.jpg,0
/content/drive/MyDrive/MASTER BIG DATA/md2_2025/ej4_clustering_flores/data/flores/Image_369.jpg,2
/content/drive/MyDrive/MASTER BIG DATA/md2_2025/ej4_clustering_flores/data/flores/Image_37.jpg,2
/content/drive/MyDrive/MASTER BIG DATA/md2_2025/ej4_clustering_flores/data/flores/Image_370.jpg,1
/content/drive/MyDrive/MASTER BIG DATA/md2_2025/ej4_clustering_flores/data/flores/Image_371.jpg,4
/content/drive/MyDrive/MASTER BIG DATA/md2_2025/ej4_clustering_flores/data/flores/Image_372.jpg,2
/content/drive/MyDrive/MASTER BIG DATA/md2_2025/ej4_clustering_flores/data/flores/Image_373.jpg,4
/content/drive/MyDrive/MASTER BIG DATA/md2_2025/ej4_clustering_flores/data/flores/Image_374.jpg,2
/content/drive/MyDrive/MASTER BIG DATA/md2_2025/ej4_clustering_flores/data/flores/Image_375.jpg,4
/content/drive/MyDrive/MASTER BIG DATA/md2_2025/ej4_clustering_flores/data/flores/Image_376.jpg,1
/content/drive/MyDrive/MASTER BIG DATA/md2_2025/ej4_clustering_flores/data/flores/Image_377.jpg,3
/content/drive/MyDrive/MASTER BIG DATA/md2_2025/ej4_clustering_flores/data/flores/Image_378.jpg,4
/content/drive/MyDrive/MASTER BIG DATA/md2_2025/ej4_clustering_flores/data/flores/Image_379.jpg,0
/content/drive/MyDrive/MASTER BIG DATA/md2_2025/ej4_clustering_flores/data/flores/Image_38.jpg,2
/content/drive/MyDrive/MASTER BIG DATA/md2_2025/ej4_clustering_flores/data/flores/Image_380.jpg,4
/content/drive/MyDrive/MASTER BIG DATA/md2_2025/ej4_clustering_flores/data/flores/Image_381.jpg,0
/content/drive/MyDrive/MASTER BIG DATA/md2_2025/ej4_clustering_flores/data/flores/Image_382.jpg,2
/content/drive/MyDrive/MASTER BIG DATA/md2_2025/ej4_clustering_flores/data/flores/Image_383.jpg,4
/content/drive/MyDrive/MASTER BIG DATA/md2_2025/ej4_clustering_flores/data/flores/Image_384.jpg,1
/content/drive/MyDrive/MASTER BIG DATA/md2_2025/ej4_clustering_flores/data/flores/Image_385.jpg,3
/content/drive/MyDrive/MASTER BIG DATA/md2_2025/ej4_clustering_flores/data/flores/Image_386.jpg,2
/content/drive/MyDrive/MASTER BIG DATA/md2_2025/ej4_clustering_flores/data/flores/Image_387.jpg,2
/content/drive/MyDrive/MASTER BIG DATA/md2_2025/ej4_clustering_flores/data/flores/Image_388.jpg,2
/content/drive/MyDrive/MASTER BIG DATA/md2_2025/ej4_clustering_flores/data/flores/Image_389.jpg,0
/content/drive/MyDrive/MASTER BIG DATA/md2_2025/ej4_clustering_flores/data/flores/Image_39.jpg,2
/content/drive/MyDrive/MASTER BIG DATA/md2_2025/ej4_clustering_flores/data/flores/Image_390.jpg,4
/content/drive/MyDrive/MASTER BIG DATA/md2_2025/ej4_clustering_flores/data/flores/Image_391.jpg,0
/content/drive/MyDrive/MASTER BIG DATA/md2_2025/ej4_clustering_flores/data/flores/Image_392.jpg,0
/content/drive/MyDrive/MASTER BIG DATA/md2_2025/ej4_clustering_flores/data/flores/Image_393.jpg,4
/content/drive/MyDrive/MASTER BIG DATA/md2_2025/ej4_clustering_flores/data/flores/Image_394.jpg,2
/content/drive/MyDrive/MASTER BIG DATA/md2_2025/ej4_clustering_flores/data/flores/Image_395.jpg,1
/content/drive/MyDrive/MASTER BIG DATA/md2_2025/ej4_clustering_flores/data/flores/Image_396.jpg,4
/content/drive/MyDrive/MASTER BIG DATA/md2_2025/ej4_clustering_flores/data/flores/Image_397.jpg,0
/content/drive/MyDrive/MASTER BIG DATA/md2_2025/ej4_clustering_flores/data/flores/Image_398.jpg,4
/content/drive/MyDrive/MASTER BIG DATA/md2_2025/ej4_clustering_flores/data/flores/Image_399.jpg,4
/content/drive/MyDrive/MASTER BIG DATA/md2_2025/ej4_clustering_flores/data/flores/Image_4.jpg,0
/content/drive/MyDrive/MASTER BIG DATA/md2_2025/ej4_clustering_flores/data/flores/Image_40.jpg,0
/content/drive/MyDrive/MASTER BIG DATA/md2_2025/ej4_clustering_flores/data/flores/Image_400.jpg,4
/content/drive/MyDrive/MASTER BIG DATA/md2_2025/ej4_clustering_flores/data/flores/Image_401.jpg,4
/content/drive/MyDrive/MASTER BIG DATA/md2_2025/ej4_clustering_flores/data/flores/Image_402.jpg,0
/content/drive/MyDrive/MASTER BIG DATA/md2_2025/ej4_clustering_flores/data/flores/Image_403.jpg,2
/content/drive/MyDrive/MASTER BIG DATA/md2_2025/ej4_clustering_flores/data/flores/Image_404.jpg,1
/content/drive/MyDrive/MASTER BIG DATA/md2_2025/ej4_clustering_flores/data/flores/Image_405.jpg,2
/content/drive/MyDrive/MASTER BIG DATA/md2_2025/ej4_clustering_flores/data/flores/Image_406.jpg,1
/content/drive/MyDrive/MASTER BIG DATA/md2_2025/ej4_clustering_flores/data/flores/Image_407.jpg,1
/content/drive/MyDrive/MASTER BIG DATA/md2_2025/ej4_clustering_flores/data/flores/Image_408.jpg,4
/content/drive/MyDrive/MASTER BIG DATA/md2_2025/ej4_clustering_flores/data/flores/Image_409.jpg,4
/content/drive/MyDrive/MASTER BIG DATA/md2_2025/ej4_clustering_flores/data/flores/Image_41.jpg,0
/content/drive/MyDrive/MASTER BIG DATA/md2_2025/ej4_clustering_flores/data/flores/Image_410.jpg,0
/content/drive/MyDrive/MASTER BIG DATA/md2_2025/ej4_clustering_flores/data/flores/Image_411.jpg,4
/content/drive/MyDrive/MASTER BIG DATA/md2_2025/ej4_clustering_flores/data/flores/Image_412.jpg,4
/content/drive/MyDrive/MASTER BIG DATA/md2_2025/ej4_clustering_flores/data/flores/Image_413.jpg,2
/content/drive/MyDrive/MASTER BIG DATA/md2_2025/ej4_clustering_flores/data/flores/Image_414.jpg,4
/content/drive/MyDrive/MASTER BIG DATA/md2_2025/ej4_clustering_flores/data/flores/Image_415.jpg,3
/content/drive/MyDrive/MASTER BIG DATA/md2_2025/ej4_clustering_flores/data/flores/Image_416.jpg,4
/content/drive/MyDrive/MASTER BIG DATA/md2_2025/ej4_clustering_flores/data/flores/Image_417.jpg,0
/content/drive/MyDrive/MASTER BIG DATA/md2_2025/ej4_clustering_flores/data/flores/Image_418.jpg,0
/content/drive/MyDrive/MASTER BIG DATA/md2_2025/ej4_clustering_flores/data/flores/Image_419.jpg,1
/content/drive/MyDrive/MASTER BIG DATA/md2_2025/ej4_clustering_flores/data/flores/Image_42.jpg,2
/content/drive/MyDrive/MASTER BIG DATA/md2_2025/ej4_clustering_flores/data/flores/Image_420.jpg,2
/content/drive/MyDrive/MASTER BIG DATA/md2_2025/ej4_clustering_flores/data/flores/Image_421.jpg,0
/content/drive/MyDrive/MASTER BIG DATA/md2_2025/ej4_clustering_flores/data/flores/Image_422.jpg,0
/content/drive/MyDrive/MASTER BIG DATA/md2_2025/ej4_clustering_flores/data/flores/Image_423.jpg,4
/content/drive/MyDrive/MASTER BIG DATA/md2_2025/ej4_clustering_flores/data/flores/Image_424.jpg,1
/content/drive/MyDrive/MASTER BIG DATA/md2_2025/ej4_clustering_flores/data/flores/Image_425.jpg,2
/content/drive/MyDrive/MASTER BIG DATA/md2_2025/ej4_clustering_flores/data/flores/Image_426.jpg,4
/content/drive/MyDrive/MASTER BIG DATA/md2_2025/ej4_clustering_flores/data/flores/Image_427.jpg,3
/content/drive/MyDrive/MASTER BIG DATA/md2_2025/ej4_clustering_flores/data/flores/Image_428.jpg,4
/content/drive/MyDrive/MASTER BIG DATA/md2_2025/ej4_clustering_flores/data/flores/Image_429.jpg,2
/content/drive/MyDrive/MASTER BIG DATA/md2_2025/ej4_clustering_flores/data/flores/Image_43.jpg,1
/content/drive/MyDrive/MASTER BIG DATA/md2_2025/ej4_clustering_flores/data/flores/Image_430.jpg,2
/content/drive/MyDrive/MASTER BIG DATA/md2_2025/ej4_clustering_flores/data/flores/Image_431.jpg,0
/content/drive/MyDrive/MASTER BIG DATA/md2_2025/ej4_clustering_flores/data/flores/Image_432.jpg,2
/content/drive/MyDrive/MASTER BIG DATA/md2_2025/ej4_clustering_flores/data/flores/Image_433.jpg,4
/content/drive/MyDrive/MASTER BIG DATA/md2_2025/ej4_clustering_flores/data/flores/Image_434.jpg,4
/content/drive/MyDrive/MASTER BIG DATA/md2_2025/ej4_clustering_flores/data/flores/Image_435.jpg,1
/content/drive/MyDrive/MASTER BIG DATA/md2_2025/ej4_clustering_flores/data/flores/Image_436.jpg,4
/content/drive/MyDrive/MASTER BIG DATA/md2_2025/ej4_clustering_flores/data/flores/Image_437.jpg,2
/content/drive/MyDrive/MASTER BIG DATA/md2_2025/ej4_clustering_flores/data/flores/Image_438.jpg,3
/content/drive/MyDrive/MASTER BIG DATA/md2_2025/ej4_clustering_flores/data/flores/Image_439.jpg,2
/content/drive/MyDrive/MASTER BIG DATA/md2_2025/ej4_clustering_flores/data/flores/Image_44.jpg,2
/content/drive/MyDrive/MASTER BIG DATA/md2_2025/ej4_clustering_flores/data/flores/Image_440.jpg,0
/content/drive/MyDrive/MASTER BIG DATA/md2_2025/ej4_clustering_flores/data/flores/Image_441.jpg,0
/content/drive/MyDrive/MASTER BIG DATA/md2_2025/ej4_clustering_flores/data/flores/Image_442.jpg,0
/content/drive/MyDrive/MASTER BIG DATA/md2_2025/ej4_clustering_flores/data/flores/Image_443.jpg,2
/content/drive/MyDrive/MASTER BIG DATA/md2_2025/ej4_clustering_flores/data/flores/Image_444.jpg,0
/content/drive/MyDrive/MASTER BIG DATA/md2_2025/ej4_clustering_flores/data/flores/Image_445.jpg,2
/content/drive/MyDrive/MASTER BIG DATA/md2_2025/ej4_clustering_flores/data/flores/Image_446.jpg,2
/content/drive/MyDrive/MASTER BIG DATA/md2_2025/ej4_clustering_flores/data/flores/Image_447.jpg,4
/content/drive/MyDrive/MASTER BIG DATA/md2_2025/ej4_clustering_flores/data/flores/Image_448.jpg,0
/content/drive/MyDrive/MASTER BIG DATA/md2_2025/ej4_clustering_flores/data/flores/Image_449.jpg,1
/content/drive/MyDrive/MASTER BIG DATA/md2_2025/ej4_clustering_flores/data/flores/Image_45.jpg,2
/content/drive/MyDrive/MASTER BIG DATA/md2_2025/ej4_clustering_flores/data/flores/Image_450.jpg,2
/content/drive/MyDrive/MASTER BIG DATA/md2_2025/ej4_clustering_flores/data/flores/Image_451.jpg,3
/content/drive/MyDrive/MASTER BIG DATA/md2_2025/ej4_clustering_flores/data/flores/Image_452.jpg,4
/content/drive/MyDrive/MASTER BIG DATA/md2_2025/ej4_clustering_flores/data/flores/Image_453.jpg,1
/content/drive/MyDrive/MASTER BIG DATA/md2_2025/ej4_clustering_flores/data/flores/Image_454.jpg,2
/content/drive/MyDrive/MASTER BIG DATA/md2_2025/ej4_clustering_flores/data/flores/Image_455.jpg,4
/content/drive/MyDrive/MASTER BIG DATA/md2_2025/ej4_clustering_flores/data/flores/Image_456.jpg,2
/content/drive/MyDrive/MASTER BIG DATA/md2_2025/ej4_clustering_flores/data/flores/Image_457.jpg,4
/content/drive/MyDrive/MASTER BIG DATA/md2_2025/ej4_clustering_flores/data/flores/Image_458.jpg,2
/content/drive/MyDrive/MASTER BIG DATA/md2_2025/ej4_clustering_flores/data/flores/Image_459.jpg,2
/content/drive/MyDrive/MASTER BIG DATA/md2_2025/ej4_clustering_flores/data/flores/Image_46.jpg,1
/content/drive/MyDrive/MASTER BIG DATA/md2_2025/ej4_clustering_flores/data/flores/Image_460.jpg,0
/content/drive/MyDrive/MASTER BIG DATA/md2_2025/ej4_clustering_flores/data/flores/Image_461.jpg,4
/content/drive/MyDrive/MASTER BIG DATA/md2_2025/ej4_clustering_flores/data/flores/Image_462.jpg,2
/content/drive/MyDrive/MASTER BIG DATA/md2_2025/ej4_clustering_flores/data/flores/Image_463.jpg,2
/content/drive/MyDrive/MASTER BIG DATA/md2_2025/ej4_clustering_flores/data/flores/Image_464.jpg,4
/content/drive/MyDrive/MASTER BIG DATA/md2_2025/ej4_clustering_flores/data/flores/Image_465.jpg,1
/content/drive/MyDrive/MASTER BIG DATA/md2_2025/ej4_clustering_flores/data/flores/Image_466.jpg,4
/content/drive/MyDrive/MASTER BIG DATA/md2_2025/ej4_clustering_flores/data/flores/Image_467.jpg,1
/content/drive/MyDrive/MASTER BIG DATA/md2_2025/ej4_clustering_flores/data/flores/Image_468.jpg,4
/content/drive/MyDrive/MASTER BIG DATA/md2_2025/ej4_clustering_flores/data/flores/Image_469.jpg,0
/content/drive/MyDrive/MASTER BIG DATA/md2_2025/ej4_clustering_flores/data/flores/Image_47.jpg,0
/content/drive/MyDrive/MASTER BIG DATA/md2_2025/ej4_clustering_flores/data/flores/Image_470.jpg,0
/content/drive/MyDrive/MASTER BIG DATA/md2_2025/ej4_clustering_flores/data/flores/Image_471.jpg,2
/content/drive/MyDrive/MASTER BIG DATA/md2_2025/ej4_clustering_flores/data/flores/Image_472.jpg,3
/content/drive/MyDrive/MASTER BIG DATA/md2_2025/ej4_clustering_flores/data/flores/Image_473.jpg,1
/content/drive/MyDrive/MASTER BIG DATA/md2_2025/ej4_clustering_flores/data/flores/Image_474.jpg,1
/content/drive/MyDrive/MASTER BIG DATA/md2_2025/ej4_clustering_flores/data/flores/Image_475.jpg,2
/content/drive/MyDrive/MASTER BIG DATA/md2_2025/ej4_clustering_flores/data/flores/Image_476.jpg,0
/content/drive/MyDrive/MASTER BIG DATA/md2_2025/ej4_clustering_flores/data/flores/Image_477.jpg,4
/content/drive/MyDrive/MASTER BIG DATA/md2_2025/ej4_clustering_flores/data/flores/Image_478.jpg,0
/content/drive/MyDrive/MASTER BIG DATA/md2_2025/ej4_clustering_flores/data/flores/Image_479.jpg,1
/content/drive/MyDrive/MASTER BIG DATA/md2_2025/ej4_clustering_flores/data/flores/Image_48.jpg,3
/content/drive/MyDrive/MASTER BIG DATA/md2_2025/ej4_clustering_flores/data/flores/Image_480.jpg,1
/content/drive/MyDrive/MASTER BIG DATA/md2_2025/ej4_clustering_flores/data/flores/Image_481.jpg,0
/content/drive/MyDrive/MASTER BIG DATA/md2_2025/ej4_clustering_flores/data/flores/Image_482.jpg,1
/content/drive/MyDrive/MASTER BIG DATA/md2_2025/ej4_clustering_flores/data/flores/Image_483.jpg,4
/content/drive/MyDrive/MASTER BIG DATA/md2_2025/ej4_clustering_flores/data/flores/Image_484.jpg,3
/content/drive/MyDrive/MASTER BIG DATA/md2_2025/ej4_clustering_flores/data/flores/Image_485.jpg,2
/content/drive/MyDrive/MASTER BIG DATA/md2_2025/ej4_clustering_flores/data/flores/Image_486.jpg,4
/content/drive/MyDrive/MASTER BIG DATA/md2_2025/ej4_clustering_flores/data/flores/Image_487.jpg,1
/content/drive/MyDrive/MASTER BIG DATA/md2_2025/ej4_clustering_flores/data/flores/Image_488.jpg,2
/content/drive/MyDrive/MASTER BIG DATA/md2_2025/ej4_clustering_flores/data/flores/Image_489.jpg,0
/content/drive/MyDrive/MASTER BIG DATA/md2_2025/ej4_clustering_flores/data/flores/Image_49.jpg,4
/content/drive/MyDrive/MASTER BIG DATA/md2_2025/ej4_clustering_flores/data/flores/Image_490.jpg,3
/content/drive/MyDrive/MASTER BIG DATA/md2_2025/ej4_clustering_flores/data/flores/Image_491.jpg,3
/content/drive/MyDrive/MASTER BIG DATA/md2_2025/ej4_clustering_flores/data/flores/Image_492.jpg,4
/content/drive/MyDrive/MASTER BIG DATA/md2_2025/ej4_clustering_flores/data/flores/Image_493.jpg,3
/content/drive/MyDrive/MASTER BIG DATA/md2_2025/ej4_clustering_flores/data/flores/Image_494.jpg,0
/content/drive/MyDrive/MASTER BIG DATA/md2_2025/ej4_clustering_flores/data/flores/Image_495.jpg,0
/content/drive/MyDrive/MASTER BIG DATA/md2_2025/ej4_clustering_flores/data/flores/Image_496.jpg,1
/content/drive/MyDrive/MASTER BIG DATA/md2_2025/ej4_clustering_flores/data/flores/Image_497.jpg,4
/content/drive/MyDrive/MASTER BIG DATA/md2_2025/ej4_clustering_flores/data/flores/Image_498.jpg,4
/content/drive/MyDrive/MASTER BIG DATA/md2_2025/ej4_clustering_flores/data/flores/Image_499.jpg,4
/content/drive/MyDrive/MASTER BIG DATA/md2_2025/ej4_clustering_flores/data/flores/Image_5.jpg,2
/content/drive/MyDrive/MASTER BIG DATA/md2_2025/ej4_clustering_flores/data/flores/Image_50.jpg,4
/content/drive/MyDrive/MASTER BIG DATA/md2_2025/ej4_clustering_flores/data/flores/Image_500.jpg,4
/content/drive/MyDrive/MASTER BIG DATA/md2_2025/ej4_clustering_flores/data/flores/Image_51.jpg,1
/content/drive/MyDrive/MASTER BIG DATA/md2_2025/ej4_clustering_flores/data/flores/Image_52.jpg,4
/content/drive/MyDrive/MASTER BIG DATA/md2_2025/ej4_clustering_flores/data/flores/Image_53.jpg,0
/content/drive/MyDrive/MASTER BIG DATA/md2_2025/ej4_clustering_flores/data/flores/Image_54.jpg,0
/content/drive/MyDrive/MASTER BIG DATA/md2_2025/ej4_clustering_flores/data/flores/Image_55.jpg,1
/content/drive/MyDrive/MASTER BIG DATA/md2_2025/ej4_clustering_flores/data/flores/Image_56.jpg,4
/content/drive/MyDrive/MASTER BIG DATA/md2_2025/ej4_clustering_flores/data/flores/Image_57.jpg,2
/content/drive/MyDrive/MASTER BIG DATA/md2_2025/ej4_clustering_flores/data/flores/Image_58.jpg,4
/content/drive/MyDrive/MASTER BIG DATA/md2_2025/ej4_clustering_flores/data/flores/Image_59.jpg,4
/content/drive/MyDrive/MASTER BIG DATA/md2_2025/ej4_clustering_flores/data/flores/Image_6.jpg,0
/content/drive/MyDrive/MASTER BIG DATA/md2_2025/ej4_clustering_flores/data/flores/Image_60.jpg,4
/content/drive/MyDrive/MASTER BIG DATA/md2_2025/ej4_clustering_flores/data/flores/Image_61.jpg,2
/content/drive/MyDrive/MASTER BIG DATA/md2_2025/ej4_clustering_flores/data/flores/Image_62.jpg,4
/content/drive/MyDrive/MASTER BIG DATA/md2_2025/ej4_clustering_flores/data/flores/Image_63.jpg,1
/content/drive/MyDrive/MASTER BIG DATA/md2_2025/ej4_clustering_flores/data/flores/Image_64.jpg,1
/content/drive/MyDrive/MASTER BIG DATA/md2_2025/ej4_clustering_flores/data/flores/Image_65.jpg,0
/content/drive/MyDrive/MASTER BIG DATA/md2_2025/ej4_clustering_flores/data/flores/Image_66.jpg,1
/content/drive/MyDrive/MASTER BIG DATA/md2_2025/ej4_clustering_flores/data/flores/Image_67.jpg,4
/content/drive/MyDrive/MASTER BIG DATA/md2_2025/ej4_clustering_flores/data/flores/Image_68.jpg,1
/content/drive/MyDrive/MASTER BIG DATA/md2_2025/ej4_clustering_flores/data/flores/Image_69.jpg,2
/content/drive/MyDrive/MASTER BIG DATA/md2_2025/ej4_clustering_flores/data/flores/Image_7.jpg,1
/content/drive/MyDrive/MASTER BIG DATA/md2_2025/ej4_clustering_flores/data/flores/Image_70.jpg,2
/content/drive/MyDrive/MASTER BIG DATA/md2_2025/ej4_clustering_flores/data/flores/Image_71.jpg,4
/content/drive/MyDrive/MASTER BIG DATA/md2_2025/ej4_clustering_flores/data/flores/Image_72.jpg,2
/content/drive/MyDrive/MASTER BIG DATA/md2_2025/ej4_clustering_flores/data/flores/Image_73.jpg,2
/content/drive/MyDrive/MASTER BIG DATA/md2_2025/ej4_clustering_flores/data/flores/Image_74.jpg,0
/content/drive/MyDrive/MASTER BIG DATA/md2_2025/ej4_clustering_flores/data/flores/Image_75.jpg,1
/content/drive/MyDrive/MASTER BIG DATA/md2_2025/ej4_clustering_flores/data/flores/Image_76.jpg,3
/content/drive/MyDrive/MASTER BIG DATA/md2_2025/ej4_clustering_flores/data/flores/Image_77.jpg,0
/content/drive/MyDrive/MASTER BIG DATA/md2_2025/ej4_clustering_flores/data/flores/Image_78.jpg,4
/content/drive/MyDrive/MASTER BIG DATA/md2_2025/ej4_clustering_flores/data/flores/Image_79.jpg,3
/content/drive/MyDrive/MASTER BIG DATA/md2_2025/ej4_clustering_flores/data/flores/Image_8.jpg,4
/content/drive/MyDrive/MASTER BIG DATA/md2_2025/ej4_clustering_flores/data/flores/Image_80.jpg,0
/content/drive/MyDrive/MASTER BIG DATA/md2_2025/ej4_clustering_flores/data/flores/Image_81.jpg,2
/content/drive/MyDrive/MASTER BIG DATA/md2_2025/ej4_clustering_flores/data/flores/Image_82.jpg,3
/content/drive/MyDrive/MASTER BIG DATA/md2_2025/ej4_clustering_flores/data/flores/Image_83.jpg,1
/content/drive/MyDrive/MASTER BIG DATA/md2_2025/ej4_clustering_flores/data/flores/Image_84.jpg,3
/content/drive/MyDrive/MASTER BIG DATA/md2_2025/ej4_clustering_flores/data/flores/Image_85.jpg,1
/content/drive/MyDrive/MASTER BIG DATA/md2_2025/ej4_clustering_flores/data/flores/Image_86.jpg,4
/content/drive/MyDrive/MASTER BIG DATA/md2_2025/ej4_clustering_flores/data/flores/Image_87.jpg,0
/content/drive/MyDrive/MASTER BIG DATA/md2_2025/ej4_clustering_flores/data/flores/Image_88.jpg,2
/content/drive/MyDrive/MASTER BIG DATA/md2_2025/ej4_clustering_flores/data/flores/Image_89.jpg,4
/content/drive/MyDrive/MASTER BIG DATA/md2_2025/ej4_clustering_flores/data/flores/Image_9.jpg,4
/content/drive/MyDrive/MASTER BIG DATA/md2_2025/ej4_clustering_flores/data/flores/Image_90.jpg,2
/content/drive/MyDrive/MASTER BIG DATA/md2_2025/ej4_clustering_flores/data/flores/Image_91.jpg,1
/content/drive/MyDrive/MASTER BIG DATA/md2_2025/ej4_clustering_flores/data/flores/Image_92.jpg,0
/content/drive/MyDrive/MASTER BIG DATA/md2_2025/ej4_clustering_flores/data/flores/Image_922.jpg,1
/content/drive/MyDrive/MASTER BIG DATA/md2_2025/ej4_clustering_flores/data/flores/Image_923.jpg,1
/content/drive/MyDrive/MASTER BIG DATA/md2_2025/ej4_clustering_flores/data/flores/Image_924.jpg,4
/content/drive/MyDrive/MASTER BIG DATA/md2_2025/ej4_clustering_flores/data/flores/Image_93.jpg,2
/content/drive/MyDrive/MASTER BIG DATA/md2_2025/ej4_clustering_flores/data/flores/Image_94.jpg,4
/content/drive/MyDrive/MASTER BIG DATA/md2_2025/ej4_clustering_flores/data/flores/Image_95.jpg,4
/content/drive/MyDrive/MASTER BIG DATA/md2_2025/ej4_clustering_flores/data/flores/Image_96.jpg,2
/content/drive/MyDrive/MASTER BIG DATA/md2_2025/ej4_clustering_flores/data/flores/Image_97.jpg,0
/content/drive/MyDrive/MASTER BIG DATA/md2_2025/ej4_clustering_flores/data/flores/Image_98.jpg,0
/content/drive/MyDrive/MASTER BIG DATA/md2_2025/ej4_clustering_flores/data/flores/Image_99.jpg,4
