fecha,nombre
2018-10-12,National Day
2018-11-01,All Saints' Day
2018-12-06,Constitution Day
2018-12-08,Immaculate Conception
2018-12-25,Christmas Day
2019-01-01,New Year's Day
2019-04-19,Good Friday
2019-05-01,Labor Day
2019-08-15,Assumption Day
2019-10-12,National Day
2019-11-01,All Saints' Day
2019-12-06,Constitution Day
2019-12-25,Christmas Day
2020-01-01,New Year's Day
2020-01-06,Epiphany
2020-04-10,Good Friday
2020-05-01,Labor Day
2020-08-15,Assumption Day
2020-10-12,National Day
2020-12-08,Immaculate Conception
2020-12-25,Christmas Day
2021-01-01,New Year's Day
2021-01-06,Epiphany
2021-04-02,Good Friday
2021-05-01,Labor Day
2021-10-12,National Day
2021-11-01,All Saints' Day
2021-12-06,Constitution Day
2021-12-08,Immaculate Conception
2021-12-25,Christmas Day
2022-01-01,New Year's Day
2022-01-06,Epiphany
2022-04-15,Good Friday
2022-08-15,Assumption Day
2022-10-12,National Day
2022-11-01,All Saints' Day
2022-12-06,Constitution Day
2022-12-08,Immaculate Conception
